{"cameraMode":{"drawMode":0,"name":"Shaded","section":"Shading Mode"},"sceneLighting":false,"audioPlay":false,"sceneViewState":{"m_AlwaysRefresh":false,"showFog":true,"showSkybox":false,"showFlares":true,"showImageEffects":true,"showParticleSystems":true,"showVisualEffectGraphs":true,"m_FxEnabled":true},"in2DMode":false,"pivot":{"x":-0.10544542968273163,"y":1.980877161026001,"z":-2.4521896839141847},"rotation":{"x":-0.1393280178308487,"y":-0.005074979737401009,"z":0.0005040834075771272,"w":-0.9900557398796082},"size":1.3754531145095826,"orthographic":false}