{"cameraMode":{"drawMode":0,"name":"Shaded","section":"Shading Mode"},"sceneLighting":false,"audioPlay":false,"sceneViewState":{"m_AlwaysRefresh":false,"showFog":true,"showSkybox":false,"showFlares":true,"showImageEffects":true,"showParticleSystems":true,"showVisualEffectGraphs":true,"m_FxEnabled":true},"in2DMode":false,"pivot":{"x":-1.076889157295227,"y":0.49479734897613528,"z":0.44581276178359988},"rotation":{"x":0.02166915312409401,"y":0.6895168423652649,"z":0.02028675377368927,"w":-0.7234124541282654},"size":1.3754531145095826,"orthographic":false}