{"cameraMode":{"drawMode":0,"name":"Shaded","section":"Shading Mode"},"sceneLighting":false,"audioPlay":false,"sceneViewState":{"m_AlwaysRefresh":false,"showFog":true,"showSkybox":false,"showFlares":true,"showImageEffects":true,"showParticleSystems":true,"showVisualEffectGraphs":true,"m_FxEnabled":true},"in2DMode":false,"pivot":{"x":-18.104700088500978,"y":6.222263336181641,"z":1.396249532699585},"rotation":{"x":0.07363488525152207,"y":0.0508820042014122,"z":-0.0030117323622107507,"w":0.9953162670135498},"size":14.319332122802735,"orthographic":false}