{"cameraMode":{"drawMode":0,"name":"Shaded","section":"Shading Mode"},"sceneLighting":true,"audioPlay":false,"sceneViewState":{"m_AlwaysRefresh":false,"showFog":true,"showSkybox":false,"showFlares":true,"showImageEffects":true,"showParticleSystems":true,"showVisualEffectGraphs":true,"m_FxEnabled":true},"in2DMode":false,"pivot":{"x":-1.3689310550689698,"y":1.5809910297393799,"z":-9.463738441467286},"rotation":{"x":0.003462077584117651,"y":0.9958056807518005,"z":0.020459946244955064,"w":-0.08021478354930878},"size":6.2278523445129398,"orthographic":false}