{"cameraMode":{"drawMode":0,"name":"Shaded","section":"Shading Mode"},"sceneLighting":false,"audioPlay":false,"sceneViewState":{"m_AlwaysRefresh":false,"showFog":true,"showSkybox":false,"showFlares":true,"showImageEffects":true,"showParticleSystems":true,"showVisualEffectGraphs":true,"m_FxEnabled":true},"in2DMode":false,"pivot":{"x":0.35705894231796267,"y":0.7785677909851074,"z":0.2301895022392273},"rotation":{"x":-0.2461080402135849,"y":-0.06769159436225891,"z":0.017200594767928125,"w":-0.9666134119033814},"size":4.330455780029297,"orthographic":false}