{"cameraMode":{"drawMode":0,"name":"Shaded","section":"Shading Mode"},"sceneLighting":true,"audioPlay":false,"sceneViewState":{"m_AlwaysRefresh":false,"showFog":true,"showSkybox":true,"showFlares":true,"showImageEffects":true,"showParticleSystems":true,"showVisualEffectGraphs":true,"m_FxEnabled":true},"in2DMode":false,"pivot":{"x":0.5895919799804688,"y":19.586788177490236,"z":-19.157747268676759},"rotation":{"x":-0.22914403676986695,"y":0.007736142724752426,"z":-0.0024377102963626386,"w":-0.9729233384132385},"size":10.26108455657959,"orthographic":false}